{
  "products": {
    "identification": {
      "data": {
        "visitorId": "nzJfbZBdHFw10robXGgN",
        "requestId": "1763628630043.Y1PKHg",
        "browserDetails": {
          "browserName": "Firefox",
          "browserMajorVersion": "143",
          "browserFullVersion": "143.0",
          "os": "Windows",
          "osVersion": "10",
          "device": "Other",
          "userAgent": "Mozilla/5.0 (Windows NT 10.0; Win64; x64; rv:143.0) Gecko/20100101 Firefox/143.0"
        },
        "incognito": true,
        "ip": "192.145.69.59",
        "ipLocation": {
          "accuracyRadius": 20,
          "latitude": 13.7499,
          "longitude": 100.517,
          "postalCode": "10200",
          "timezone": "Asia/Bangkok",
          "city": {
            "name": "Bangkok"
          },
          "country": {
            "code": "TH",
            "name": "Thailand"
          },
          "continent": {
            "code": "AS",
            "name": "Asia"
          },
          "subdivisions": [
            {
              "isoCode": "10",
              "name": "Bangkok"
            }
          ]
        },
        "linkedId": "session_id_d3f3ff24",
        "timestamp": 1763628630052,
        "time": "2025-11-20T08:50:30Z",
        "url": "https://demo.fingerprint.com/playground",
        "tag": {},
        "confidence": {
          "score": 1,
          "revision": "v1.1"
        },
        "visitorFound": true,
        "firstSeenAt": {
          "global": "2025-11-20T08:50:12.172Z",
          "subscription": "2025-11-20T08:50:12.172Z"
        },
        "lastSeenAt": {
          "global": "2025-11-20T08:50:12.172Z",
          "subscription": "2025-11-20T08:50:12.172Z"
        },
        "replayed": false,
        "sdk": {
          "platform": "js",
          "version": "3.12.3",
          "integrations": [
            {
              "name": "fingerprintjs-pro-cloudfront",
              "version": "2.0.3"
            },
            {
              "name": "fingerprintjs-pro-cloudfront",
              "version": "2.0.3"
            },
            {
              "name": "fingerprintjs-pro-react",
              "version": "2.7.1"
            },
            {
              "name": "fingerprintjs-pro-spa",
              "version": "1.3.3"
            }
          ]
        },
        "environmentId": "ae_83d51ca3dcde8777"
      }
    },
    "botd": {
      "data": {
        "bot": {
          "result": "bad",
          "type": "nightmarejs"
        },
        "linkedId": "session_id_d3f3ff24",
        "url": "https://demo.fingerprint.com/playground",
        "ip": "[REDACTED_VPN]",
        "time": "2025-11-20T08:50:30.074Z",
        "userAgent": "Mozilla/5.0 (Windows NT 10.0; Win64; x64; rv:143.0) Gecko/20100101 Firefox/143.0",
        "requestId": "1763628630043.Y1PKHg"
      }
    },
    "rootApps": {
      "data": {
        "result": false
      }
    },
    "emulator": {
      "data": {
        "result": false
      }
    },
    "ipInfo": {
      "data": {
        "v4": {
          "address": "[REDACTED_VPN]",
          "geolocation": {
            "accuracyRadius": 20,
            "latitude": 13.7499,
            "longitude": 100.517,
            "postalCode": "10200",
            "timezone": "Asia/Bangkok",
            "city": {
              "name": "Bangkok"
            },
            "country": {
              "code": "TH",
              "name": "Thailand"
            },
            "continent": {
              "code": "AS",
              "name": "Asia"
            },
            "subdivisions": [
              {
                "isoCode": "10",
                "name": "Bangkok"
              }
            ]
          },
          "asn": {
            "asn": "212238",
            "name": "Datacamp Limited",
            "network": "192.145.69.0/24"
          },
          "datacenter": {
            "result": true,
            "name": ""
          }
        }
      }
    },
    "ipBlocklist": {
      "data": {
        "result": false,
        "details": {
          "emailSpam": false,
          "attackSource": false
        }
      }
    },
    "tor": {
      "data": {
        "result": false
      }
    },
    "vpn": {
      "data": {
        "result": true,
        "confidence": "high",
        "originTimezone": "America/New_York",
        "originCountry": "unknown",
        "methods": {
          "timezoneMismatch": true,
          "publicVPN": true,
          "auxiliaryMobile": true,
          "osMismatch": true,
          "relay": false
        }
      }
    },
    "proxy": {
      "data": {
        "result": false,
        "confidence": "high"
      }
    },
    "incognito": {
      "data": {
        "result": true
      }
    },
    "tampering": {
      "data": {
        "result": true,
        "anomalyScore": 1,
        "antiDetectBrowser": false
      }
    },
    "clonedApp": {
      "data": {
        "result": false
      }
    },
    "factoryReset": {
      "data": {
        "time": "1970-01-01T00:00:00Z",
        "timestamp": 0
      }
    },
    "jailbroken": {
      "data": {
        "result": false
      }
    },
    "frida": {
      "data": {
        "result": false
      }
    },
    "privacySettings": {
      "data": {
        "result": false
      }
    },
    "virtualMachine": {
      "data": {
        "result": false
      }
    },
    "rawDeviceAttributes": {
      "data": {
        "contrast": {
          "value": 0
        },
        "dateTimeLocale": {
          "value": "en-US"
        },
        "timezone": {
          "value": "America/New_York"
        },
        "platform": {
          "value": "Win32"
        },
        "privateClickMeasurement": {},
        "touchSupport": {
          "value": {
            "maxTouchPoints": 0,
            "touchEvent": false,
            "touchStart": false
          }
        },
        "architecture": {
          "value": 255
        },
        "reducedMotion": {
          "value": false
        },
        "deviceMemory": {
          "value": 8
        },
        "emoji": {
          "value": {
            "bottom": 28,
            "font": "\"Times New Roman\"",
            "height": 17,
            "left": 8,
            "right": 1765.5,
            "top": 11,
            "width": 1757.5,
            "x": 8,
            "y": 11
          }
        },
        "webGlBasics": {
          "value": {
            "renderer": "Intel(R) UHD Graphics 630",
            "rendererUnmasked": "",
            "shadingLanguageVersion": "WebGL GLSL ES 1.0",
            "vendor": "Intel Inc.",
            "vendorUnmasked": "",
            "version": "WebGL 1.0"
          }
        },
        "invertedColors": {},
        "openDatabase": {
          "value": false
        },
        "math": {
          "value": "e809826f347f9c924d35a6986a0c1bc8"
        },
        "plugins": {
          "value": [
            {
              "description": "PDF Viewer",
              "mimeTypes": [],
              "name": "PDF Viewer"
            }
          ]
        },
        "domBlockers": {},
        "indexedDB": {
          "value": true
        },
        "canvas": {
          "value": {
            "Geometry": "unstable",
            "Text": "unstable",
            "Winding": true
          }
        },
        "fonts": {
          "value": [
            "Calibri",
            "Century",
            "Century Gothic",
            "Franklin Gothic",
            "Leelawadee",
            "MS Outlook",
            "MS Reference Specialty",
            "MS UI Gothic",
            "MT Extra",
            "Marlett",
            "Microsoft Uighur",
            "Monotype Corsiva",
            "Segoe UI Light"
          ]
        },
        "pdfViewerEnabled": {
          "value": true
        },
        "screenResolution": {
          "value": [
            1920,
            1080
          ]
        },
        "osCpu": {
          "value": "Windows NT 10.0; Win64; x64"
        },
        "webGlExtensions": {
          "value": {
            "contextAttributes": "6b1ed336830d2bc96442a9d76373252a",
            "extensionParameters": "a7f940c4e3cb5011d551b9b2872a85a8",
            "extensions": "78b86b66a5270cdbf734a696f1563e62",
            "parameters": "b5026f011b4aeb7af4de13d8150593c6",
            "shaderPrecisions": "f223dfbcd580cf142da156d93790eb83",
            "unsupportedExtensions": []
          }
        },
        "colorDepth": {
          "value": 24
        },
        "forcedColors": {
          "value": false
        },
        "screenFrame": {
          "value": [
            0,
            0,
            40,
            0
          ]
        },
        "monochrome": {
          "value": 0
        },
        "vendorFlavors": {
          "value": []
        },
        "cpuClass": {},
        "vendor": {
          "value": ""
        },
        "audioBaseLatency": {
          "value": -2
        },
        "colorGamut": {
          "value": "srgb"
        },
        "hdr": {
          "value": false
        },
        "cookiesEnabled": {
          "value": true
        },
        "sessionStorage": {
          "value": true
        },
        "fontPreferences": {
          "value": {
            "apple": 149.3125,
            "default": 149.3125,
            "min": 9.34375,
            "mono": 121.515625,
            "sans": 144.015625,
            "serif": 149.3125,
            "system": 147.859375
          }
        },
        "languages": {
          "value": [
            [
              "en-US"
            ]
          ]
        },
        "localStorage": {
          "value": true
        },
        "audio": {
          "value": 124.04347527516074
        },
        "hardwareConcurrency": {
          "value": 8
        },
        "mathML": {
          "value": {
            "bottom": 25,
            "font": "\"Times New Roman\"",
            "height": 17,
            "left": 8,
            "right": 276.078125,
            "top": 8,
            "width": 268.078125,
            "x": 8,
            "y": 8
          }
        }
      }
    },
    "highActivity": {
      "data": {
        "result": false
      }
    },
    "locationSpoofing": {
      "data": {
        "result": false
      }
    },
    "suspectScore": {
      "data": {
        "result": 26
      }
    },
    "velocity": {
      "data": {
        "distinctIp": {
          "intervals": {
            "5m": 1,
            "1h": 1,
            "24h": 1
          }
        },
        "distinctLinkedId": {
          "intervals": {
            "5m": 1,
            "1h": 1,
            "24h": 1
          }
        },
        "distinctCountry": {
          "intervals": {
            "5m": 1,
            "1h": 1,
            "24h": 1
          }
        },
        "events": {
          "intervals": {
            "5m": 2,
            "1h": 2,
            "24h": 2
          }
        },
        "ipEvents": {
          "intervals": {
            "5m": 2,
            "1h": 2,
            "24h": 2
          }
        },
        "distinctIpByLinkedId": {
          "intervals": {
            "5m": 1,
            "1h": 1,
            "24h": 1
          }
        },
        "distinctVisitorIdByLinkedId": {
          "intervals": {
            "5m": 1,
            "1h": 1,
            "24h": 1
          }
        }
      }
    },
    "developerTools": {
      "data": {
        "result": false
      }
    },
    "mitmAttack": {
      "data": {
        "result": false
      }
    },
    "proximity": {}
  }
}